{
	"settings": {
		"appearanceTools": true,
		"color": {
			"palette": [
				{
					"color": "#bae7e0",
					"name": "Aqua",
					"slug": "custom-aqua"
				},
				{
					"color": "#2e5ca5",
					"name": "Blue",
					"slug": "custom-blue"
				},
				{
					"color": "#f5f5ef",
					"name": "Grey",
					"slug": "custom-grey"
				},
				{
					"color": "#e8e6e0",
					"name": "Taupe",
					"slug": "custom-taupe"
				},
				{
					"color": "#63666b",
					"name": "Charcoal",
					"slug": "custom-charcoal"
				},
				{
					"color": "#fffcf2",
					"name": "Sand",
					"slug": "custom-sand"
				},
				{
					"color": "#252422",
					"name": "Dark",
					"slug": "custom-dark"
				},
				{
					"color": "#ccc5b9",
					"name": "Dusk",
					"slug": "custom-dusk"
				},
				{
					"color": "#403d39",
					"name": "Dirt",
					"slug": "custom-dirt"
				}
			]
		},
		"layout": {
			"contentSize": "880px",
			"wideSize": "1100px"
		},
		"spacing": {
			"units": [
				"%",
				"px",
				"em",
				"rem",
				"vh",
				"vw"
			]
		},
		"typography": {
			"fontFamilies": [
				{
					"fontFace": [
						{
							"fontFamily": "\"Open Sans\"",
							"fontStyle": "normal",
							"fontWeight": "700",
							"src": [
								"file:./assets/fonts/memSYaGs126MiZpBA-UvWbX2vVnXBbObj2OVZyOOSr4dVJWUgsg-1y4iY1M2xLER.woff2"
							]
						},
						{
							"fontFamily": "\"Open Sans\"",
							"fontStyle": "normal",
							"fontWeight": "400",
							"src": [
								"file:./assets/fonts/memSYaGs126MiZpBA-UvWbX2vVnXBbObj2OVZyOOSr4dVJWUgsjZ0C4iY1M2xLER.woff2"
							]
						},
						{
							"fontFamily": "\"Open Sans\"",
							"fontStyle": "normal",
							"fontWeight": "800",
							"src": [
								"file:./assets/fonts/memSYaGs126MiZpBA-UvWbX2vVnXBbObj2OVZyOOSr4dVJWUgshZ1y4iY1M2xLER.woff2"
							]
						},
						{
							"fontFamily": "\"Open Sans\"",
							"fontStyle": "italic",
							"fontWeight": "400",
							"src": [
								"file:./assets/fonts/memQYaGs126MiZpBA-UFUIcVXSCEkx2cmqvXlWq8tWZ0Pw86hd0Rk8ZkaVIUwaERZjA.woff2"
							]
						}
					],
					"fontFamily": "\"Open Sans\", sans-serif",
					"name": "Open Sans",
					"slug": "open-sans"
				}
			]
		},
		"useRootPaddingAwareAlignments": true
	},
	"styles": {
		"color": {
			"text": "var(--wp--preset--color--custom-dark)"
		},
		"css": "main > .wp-block-group::after {\n  content: '';\n  display: block;\n  clear: both;\n}\n",
		"elements": {
			"button": {
				"color": {
					"background": "var(--wp--preset--color--custom-dark)",
					"text": "var(--wp--preset--color--custom-sand)"
				}
			},
			"link": {
				"color": {
					"text": "var(--wp--preset--color--custom-dirt)"
				},
				"typography": {
					"textDecoration": "none"
				}
			}
		},
		"spacing": {
			"padding": {
				"bottom": "0px",
				"left": "30px",
				"right": "30px",
				"top": "0px"
			}
		},
		"typography": {
			"fontFamily": "var(--wp--preset--font-family--open-sans)"
		}
	},
	"templateParts": [
		{
			"area": "header",
			"name": "header",
			"title": "Header"
		},
		{
			"area": "footer",
			"name": "footer",
			"title": "Footer"
		}
	],
	"version": 3,
	"$schema": "https://schemas.wp.org/wp/6.6/theme.json"
}