{
	"settings": {
		"appearanceTools": true,
		"color": {
			"palette": [
				{
					"color": "#88C057",
					"name": "Complete",
					"slug": "complete"
				},
				{
					"color": "#E9C46A",
					"name": "Warning",
					"slug": "warning"
				},
				{
					"color": "#E76F51",
					"name": "Error",
					"slug": "error"
				},
				{
					"color": "#3A86FF",
					"name": "Info",
					"slug": "info"
				},
				{
					"color": "#090C02",
					"name": "Text 1",
					"slug": "text-1"
				},
				{
					"color": "#3C3C3C",
					"name": "Text 2",
					"slug": "text-2"
				},
				{
					"color": "#FFFFFF",
					"name": "Text 3",
					"slug": "text-3"
				},
				{
					"color": "#F7F7F7",
					"name": "Background",
					"slug": "background"
				},
				{
					"color": "#FAFAFA",
					"name": "Grey-100",
					"slug": "grey-100"
				},
				{
					"color": "#F0F0F0",
					"name": "Grey-300",
					"slug": "grey-300"
				},
				{
					"color": "#BFBFBF",
					"name": "Grey-500",
					"slug": "grey-500"
				},
				{
					"color": "#595959",
					"name": "Grey-700",
					"slug": "grey-700"
				},
				{
					"color": "#3B6E8F",
					"name": "Primary-1",
					"slug": "primary-1"
				},
				{
					"color": "#182C3A",
					"name": "Primary-2",
					"slug": "primary-2"
				},
				{
					"color": "#0C161D",
					"name": "Primary-3",
					"slug": "primary-3"
				},
				{
					"color": "#C5D8E7",
					"name": "Primary-4",
					"slug": "primary-4"
				},
				{
					"color": "#E2ECF3",
					"name": "Primary-5",
					"slug": "primary-5"
				},
				{
					"color": "#54BCEB",
					"name": "Secondary-1",
					"slug": "secondary-1"
				},
				{
					"color": "#000000",
					"name": "Neutral-1",
					"slug": "neutral-1"
				},
				{
					"color": "#FFFFFF",
					"name": "Neutral-2",
					"slug": "neutral-2"
				},
				{
					"color": "#D9D7BD",
					"name": "Neutral-3",
					"slug": "neutral-3"
				},
				{
					"color": "#BCB98A",
					"name": "Neutral-4",
					"slug": "neutral-4"
				}
			]
		},
		"layout": {
			"contentSize": "1000px",
			"wideSize": "1200px"
		},
		"spacing": {
			"units": [
				"%",
				"px",
				"em",
				"rem",
				"vh",
				"vw"
			]
		},
		"typography": {
			"fontFamilies": [
				{
					"fontFace": [
						{
							"fontFamily": "\"Open Sans\"",
							"fontStyle": "italic",
							"fontWeight": "300 800",
							"fontDisplay": "swap",
							"src": [
								"https://fonts.gstatic.com/s/opensans/v40/memtYaGs126MiZpBA-UFUIcVXSCEkx2cmqvXlWqWt06FxZCJgvAQ.woff2"
							],
							"unicodeRange": "U+0100-02BA, U+02BD-02C5, U+02C7-02CC, U+02CE-02D7, U+02DD-02FF, U+0304, U+0308, U+0329, U+1D00-1DBF, U+1E00-1E9F, U+1EF2-1EFF, U+2020, U+20A0-20AB, U+20AD-20C0, U+2113, U+2C60-2C7F, U+A720-A7FF"
						},
						{
							"fontFamily": "\"Open Sans\"",
							"fontStyle": "italic",
							"fontWeight": "300 800",
							"fontDisplay": "swap",
							"src": [
								"https://fonts.gstatic.com/s/opensans/v40/memtYaGs126MiZpBA-UFUIcVXSCEkx2cmqvXlWqWuU6FxZCJgg.woff2"
							],
							"unicodeRange": "U+0000-00FF, U+0131, U+0152-0153, U+02BB-02BC, U+02C6, U+02DA, U+02DC, U+0304, U+0308, U+0329, U+2000-206F, U+20AC, U+2122, U+2191, U+2193, U+2212, U+2215, U+FEFF, U+FFFD"
						},
						{
							"fontFamily": "\"Open Sans\"",
							"fontStyle": "normal",
							"fontWeight": "300 800",
							"fontDisplay": "swap",
							"src": [
								"https://fonts.gstatic.com/s/opensans/v40/memvYaGs126MiZpBA-UvWbX2vVnXBbObj2OVTSGmu0SC55K5gw.woff2"
							],
							"unicodeRange": "U+0100-02BA, U+02BD-02C5, U+02C7-02CC, U+02CE-02D7, U+02DD-02FF, U+0304, U+0308, U+0329, U+1D00-1DBF, U+1E00-1E9F, U+1EF2-1EFF, U+2020, U+20A0-20AB, U+20AD-20C0, U+2113, U+2C60-2C7F, U+A720-A7FF"
						},
						{
							"fontFamily": "\"Open Sans\"",
							"fontStyle": "normal",
							"fontWeight": "300 800",
							"fontDisplay": "swap",
							"src": [
								"https://fonts.gstatic.com/s/opensans/v40/memvYaGs126MiZpBA-UvWbX2vVnXBbObj2OVTS-mu0SC55I.woff2"
							],
							"unicodeRange": "U+0000-00FF, U+0131, U+0152-0153, U+02BB-02BC, U+02C6, U+02DA, U+02DC, U+0304, U+0308, U+0329, U+2000-206F, U+20AC, U+2122, U+2191, U+2193, U+2212, U+2215, U+FEFF, U+FFFD"
						}
					],
					"fontFamily": "\"Open Sans\", sans-serif",
					"name": "Open Sans",
					"slug": "open-sans"
				},
				{
					"fontFace": [
						{
							"fontFamily": "\"Poppins\"",
							"fontStyle": "italic",
							"fontWeight": "300",
							"fontDisplay": "swap",
							"src": ["https://fonts.gstatic.com/s/poppins/v22/pxiDyp8kv8JHgFVrJJLm21lVGdeOYktMqlap.woff2"],
							"unicodeRange": "U+0100-02BA, U+02BD-02C5, U+02C7-02CC, U+02CE-02D7, U+02DD-02FF, U+0304, U+0308, U+0329, U+1D00-1DBF, U+1E00-1E9F, U+1EF2-1EFF, U+2020, U+20A0-20AB, U+20AD-20C0, U+2113, U+2C60-2C7F, U+A720-A7FF"
						},
						{
							"fontFamily": "\"Poppins\"",
							"fontStyle": "italic",
							"fontWeight": "300",
							"fontDisplay": "swap",
							"src": ["https://fonts.gstatic.com/s/poppins/v22/pxiDyp8kv8JHgFVrJJLm21lVF9eOYktMqg.woff2"],
							"unicodeRange": "U+0000-00FF, U+0131, U+0152-0153, U+02BB-02BC, U+02C6, U+02DA, U+02DC, U+0304, U+0308, U+0329, U+2000-206F, U+20AC, U+2122, U+2191, U+2193, U+2212, U+2215, U+FEFF, U+FFFD"
						},
						{
							"fontFamily": "\"Poppins\"",
							"fontStyle": "italic",
							"fontWeight": "400",
							"fontDisplay": "swap",
							"src": ["https://fonts.gstatic.com/s/poppins/v22/pxiGyp8kv8JHgFVrJJLufntAOvWDSHFF.woff2"],
							"unicodeRange": "U+0100-02BA, U+02BD-02C5, U+02C7-02CC, U+02CE-02D7, U+02DD-02FF, U+0304, U+0308, U+0329, U+1D00-1DBF, U+1E00-1E9F, U+1EF2-1EFF, U+2020, U+20A0-20AB, U+20AD-20C0, U+2113, U+2C60-2C7F, U+A720-A7FF"
						},
						{
							"fontFamily": "\"Poppins\"",
							"fontStyle": "italic",
							"fontWeight": "400",
							"fontDisplay": "swap",
							"src": ["https://fonts.gstatic.com/s/poppins/v22/pxiGyp8kv8JHgFVrJJLucHtAOvWDSA.woff2"],
							"unicodeRange": "U+0000-00FF, U+0131, U+0152-0153, U+02BB-02BC, U+02C6, U+02DA, U+02DC, U+0304, U+0308, U+0329, U+2000-206F, U+20AC, U+2122, U+2191, U+2193, U+2212, U+2215, U+FEFF, U+FFFD"
						},
						{
							"fontFamily": "\"Poppins\"",
							"fontStyle": "normal",
							"fontWeight": "300",
							"fontDisplay": "swap",
							"src": ["https://fonts.gstatic.com/s/poppins/v22/pxiByp8kv8JHgFVrLDz8Z1JlFd2JQEl8qw.woff2"],
							"unicodeRange": "U+0100-02BA, U+02BD-02C5, U+02C7-02CC, U+02CE-02D7, U+02DD-02FF, U+0304, U+0308, U+0329, U+1D00-1DBF, U+1E00-1E9F, U+1EF2-1EFF, U+2020, U+20A0-20AB, U+20AD-20C0, U+2113, U+2C60-2C7F, U+A720-A7FF"
						},
						{
							"fontFamily": "\"Poppins\"",
							"fontStyle": "normal",
							"fontWeight": "300",
							"fontDisplay": "swap",
							"src": ["https://fonts.gstatic.com/s/poppins/v22/pxiByp8kv8JHgFVrLDz8Z1xlFd2JQEk.woff2"],
							"unicodeRange": "U+0000-00FF, U+0131, U+0152-0153, U+02BB-02BC, U+02C6, U+02DA, U+02DC, U+0304, U+0308, U+0329, U+2000-206F, U+20AC, U+2122, U+2191, U+2193, U+2212, U+2215, U+FEFF, U+FFFD"
						},
						{
							"fontFamily": "\"Poppins\"",
							"fontStyle": "normal",
							"fontWeight": "400",
							"fontDisplay": "swap",
							"src": ["https://fonts.gstatic.com/s/poppins/v22/pxiEyp8kv8JHgFVrJJnecnFHGPezSQ.woff2"],
							"unicodeRange": "U+0100-02BA, U+02BD-02C5, U+02C7-02CC, U+02CE-02D7, U+02DD-02FF, U+0304, U+0308, U+0329, U+1D00-1DBF, U+1E00-1E9F, U+1EF2-1EFF, U+2020, U+20A0-20AB, U+20AD-20C0, U+2113, U+2C60-2C7F, U+A720-A7FF"
						},
						{
							"fontFamily": "\"Poppins\"",
							"fontStyle": "normal",
							"fontWeight": "400",
							"fontDisplay": "swap",
							"src": ["https://fonts.gstatic.com/s/poppins/v22/pxiEyp8kv8JHgFVrJJfecnFHGPc.woff2"],
							"unicodeRange": "U+0000-00FF, U+0131, U+0152-0153, U+02BB-02BC, U+02C6, U+02DA, U+02DC, U+0304, U+0308, U+0329, U+2000-206F, U+20AC, U+2122, U+2191, U+2193, U+2212, U+2215, U+FEFF, U+FFFD"
						}
					],
					"fontFamily": "\"Poppins\", sans-serif",
					"name": "Poppins",
					"slug": "poppins"
				}
			],
			"fontSizes": [
				{
					"fluid": false,
					"size": "0.875rem",
					"slug": "small"
				},
				{
					"fluid": false,
					"size": "1rem",
					"slug": "medium"
				},
				{
					"fluid": false,
					"size": "1.125rem",
					"slug": "large"
				}
			]
		},
		"useRootPaddingAwareAlignments": true
	},
	"styles": {
		"css": "",
		"color": {
			"background": "var(--wp--preset--color--background)"
		},
		"spacing": {
			"padding": {
				"bottom": "0px",
				"left": "30px",
				"right": "30px",
				"top": "0px"
			}
		},
		"typography": {
			"fontFamily": "var(--wp--preset--font-family--open-sans)",
			"lineHeight": "2em"
		},
		"elements": {
			"h1": {
				"typography": {
					"fontFamily": "var(--wp--preset--font-family--poppins)",
					"fontSize": "3.5rem",
					"fontWeight": "300",
					"fontStyle": "normal",
					"lineHeight": "1.5em"
				}
			},
			"h2": {
				"typography": {
					"fontFamily": "var(--wp--preset--font-family--poppins)",
					"fontSize": "2.5rem",
					"fontWeight": "300",
					"fontStyle": "normal",
					"lineHeight": "1.4em"
				}
			},
			"h3": {
				"typography": {
					"fontFamily": "var(--wp--preset--font-family--poppins)",
					"fontSize": "2rem",
					"fontWeight": "300",
					"fontStyle": "normal",
					"lineHeight": "1.5em"
				}
			},
			"h4": {
				"typography": {
					"fontFamily": "var(--wp--preset--font-family--poppins)",
					"fontSize": "1.5rem",
					"fontWeight": "300",
					"fontStyle": "normal",
					"lineHeight": "1.666666em"
				}
			},
			"h5": {
				"typography": {
					"fontFamily": "var(--wp--preset--font-family--poppins)",
					"fontSize": "1.25rem",
					"fontWeight": "300",
					"fontStyle": "normal",
					"lineHeight": "1.8em"
				}
			},
			"h6": {
				"typography": {
					"fontFamily": "var(--wp--preset--font-family--poppins)",
					"fontSize": "1.125rem",
					"fontWeight": "300",
					"fontStyle": "normal",
					"lineHeight": "2em"
				}
			}
		}
	},
	"templateParts": [
		{
			"area": "header",
			"name": "header",
			"title": "Header"
		}
	],
	"version": 3,
	"$schema": "https://schemas.wp.org/wp/6.6/theme.json"
}